team,unit_type,position,depth,jersey,player
Air Force Falcons,Offense,LT,1,60,Gage Spencer
Air Force Falcons,Offense,LT,2,73,Brandon Nazworth
Air Force Falcons,Offense,LG,1,58,Tj Tarascio
Air Force Falcons,Offense,LG,2,76,Brody Smith
Air Force Falcons,Offense,C,1,57,Gabriel Averitt
Air Force Falcons,Offense,C,2,51,Rudy Varela
Air Force Falcons,Offense,RG,1,72,Jon Ashford
Air Force Falcons,Offense,RG,2,66,Jace Sutulovich
Air Force Falcons,Offense,RT,1,55,Luke Vonderhaar
Air Force Falcons,Offense,RT,2,74,Brian Bradley
Air Force Falcons,Offense,TE,1,87,Parker Menefee
Air Force Falcons,Offense,TE,2,80,Simon Kibbee
Air Force Falcons,Offense,TE,3,86,Griffin Stalfort
Air Force Falcons,Offense,QB,1,11,Josh Johnson
Air Force Falcons,Offense,QB,2,13,Maguire Martin
Air Force Falcons,Offense,RB,1,44,Rocco Conti
Air Force Falcons,Offense,RB,2,27,Kaden Cloud
Air Force Falcons,Offense,FB,1,2,Owen Allen
Air Force Falcons,Offense,FB,2,12,Terrence Gist
Air Force Falcons,Defense,DE,1,15,Jackson Adams
Air Force Falcons,Defense,DE,2,10,Jack Curtis
Air Force Falcons,Defense,DE,3,98,Desean Davis
Air Force Falcons,Defense,NT,1,91,Lukia Rawls Jr.
Air Force Falcons,Defense,NT,2,92,Jackson Garrett
Air Force Falcons,Defense,DT,1,93,Andrew Tillett
Air Force Falcons,Defense,DT,2,55,Jayden Oquendo
Air Force Falcons,Defense,OLB,1,45,Jaylin Reese
Air Force Falcons,Defense,OLB,2,43,Chances Carter Hill
Air Force Falcons,Defense,WLB,1,33,Brody Bujnoch
Air Force Falcons,Defense,WLB,2,34,Vinnie Canosa
Air Force Falcons,Defense,MLB,1,0,Luke Fisher
Air Force Falcons,Defense,MLB,2,39,Brodie Mitchell
Air Force Falcons,Defense,SPUR,1,7,Nick Beckwith
Air Force Falcons,Defense,SPUR,2,46,Zach Juckel
Air Force Falcons,Defense,LCB,1,2,Korey Johnson
Air Force Falcons,Defense,LCB,2,23,Rj Reedus
Air Force Falcons,Defense,SS,1,19,Houston Hendrix
Air Force Falcons,Defense,SS,2,20,Jt Tomescko
Air Force Falcons,Defense,FS,1,16,Jet Wiley
Air Force Falcons,Defense,FS,2,38,Ty Hubert
Air Force Falcons,Defense,RCB,1,22,Ehimen Oyamendan
Air Force Falcons,Defense,RCB,2,24,Jordan Elie Stuart
Air Force Falcons,Special Teams,PT,1,94,Will Duncan
Air Force Falcons,Special Teams,PT,2,91,Rip Perez
Air Force Falcons,Special Teams,PK,1,39,Jacob Medina
Air Force Falcons,Special Teams,KO,1,39,Jacob Medina
Air Force Falcons,Special Teams,LS,1,42,Jake Helms
Air Force Falcons,Special Teams,H,1,94,Will Duncan
Air Force Falcons,Special Teams,H,2,91,Rip Perez
Air Force Falcons,Special Teams,PR,1,18,Quin Smith
Air Force Falcons,Special Teams,KR,1,8,Kade Frew
Akron Zips,Offense,LT,1,77,Jayme Motley Simmons
Akron Zips,Offense,LG,1,55,Amarie Archer
Akron Zips,Offense,C,1,57,Delvin Morris
Akron Zips,Offense,RT,1,52,Javirea Moore
Akron Zips,Offense,TE,1,85,Conner Cravaack
Akron Zips,Offense,TE,2,87,Max Whisner
Akron Zips,Offense,QB,1,15,Michael Johnson Jr.
Akron Zips,Offense,QB,2,6,Brayden Roggow
Akron Zips,Offense,RB,1,22,Jordan Gant
Akron Zips,Offense,RB,2,24,Marquese Williams
Akron Zips,Defense,LDE,1,50,Jahvon Frazier
Akron Zips,Defense,NT,1,91,Nehemiah Musika
Akron Zips,Defense,NT,2,90,Dimitri Madden
Akron Zips,Defense,DT,1,54,Kiawan Murphy
Akron Zips,Defense,DT,2,97,Jontrell Mixon
Akron Zips,Defense,RDE,1,16,Dahvon Frazier
Akron Zips,Defense,WLB,1,8,Rich Benenge
Akron Zips,Defense,MLB,1,42,Melvin Spriggs
Akron Zips,Defense,MLB,2,44,Markus Boswell
Akron Zips,Defense,LCB,1,14,Ben Kamara
Akron Zips,Defense,SS,1,20,Mehki Flowers
Akron Zips,Defense,SS,2,4,Justin Anderson
Akron Zips,Defense,FS,1,9,Aamii Branch
Akron Zips,Defense,FS,2,24,Dj Stepney
Akron Zips,Defense,RCB,1,15,Terence Thomas
Akron Zips,Defense,NB,1,15,Terence Thomas
Akron Zips,Special Teams,PT,1,34,Brayden Johnson
Akron Zips,Special Teams,PK,1,99,Owen Wiley
Akron Zips,Special Teams,KO,1,34,Brayden Johnson
Akron Zips,Special Teams,LS,1,49,Frank Miner
Akron Zips,Special Teams,H,1,34,Brayden Johnson
Akron Zips,Special Teams,PR,1,15,Terence Thomas
Akron Zips,Special Teams,KR,1,24,Dj Stepney
Alabama Crimson Tide,Offense,LT,1,78,Jackson Lloyd
Alabama Crimson Tide,Offense,LG,1,70,William Sanders
Alabama Crimson Tide,Offense,C,1,69,Joseph Ionata
Alabama Crimson Tide,Offense,RG,1,77,Jaeden Roberts
Alabama Crimson Tide,Offense,RG,2,73,Olaus Alinen
Alabama Crimson Tide,Offense,RT,1,64,Michael Carroll
Alabama Crimson Tide,Offense,RT,2,87,Danny Lewis Jr.
Alabama Crimson Tide,Offense,RT,3,88,Jay Lindsey
Alabama Crimson Tide,Offense,RT,4,81,Kaleb Edwards
Alabama Crimson Tide,Offense,RT,5,80,Josh Cuevas
Alabama Crimson Tide,Offense,RT,6,89,Brody Dalton
Alabama Crimson Tide,Offense,RT,7,14,Marshall Pritchett
Alabama Crimson Tide,Offense,QB,1,10,Austin Mack
Alabama Crimson Tide,Offense,QB,2,12,Keelon Russell
Alabama Crimson Tide,Offense,RB,1,28,Kevin Riley
Alabama Crimson Tide,Defense,DE,1,11,Jordan Renaud
Alabama Crimson Tide,Defense,DE,2,31,Keon Keeley
Alabama Crimson Tide,Defense,NT,1,90,London Simmons
Alabama Crimson Tide,Defense,NT,2,88,Isaia Faga
Alabama Crimson Tide,Defense,DT,1,94,Edric Hill
Alabama Crimson Tide,Defense,RUSH,1,8,Justin Hill
Alabama Crimson Tide,Defense,WLB,1,41,Nikhai Hill Green
Alabama Crimson Tide,Defense,WLB,2,26,Luke Metz
Alabama Crimson Tide,Defense,MLB,1,36,Qb Reese
Alabama Crimson Tide,Defense,LCB,1,5,Dijon Lee Jr.
Alabama Crimson Tide,Defense,SS,1,21,Dre Kirkpatrick Jr.
Alabama Crimson Tide,Defense,SS,2,13,Ivan Taylor
Alabama Crimson Tide,Defense,FS,1,12,Zavier Mincey
Alabama Crimson Tide,Defense,FS,2,6,Kameron Howard
Alabama Crimson Tide,Defense,RCB,1,9,Cam Calhoun
Alabama Crimson Tide,Defense,NB,1,16,Red Morgan
Alabama Crimson Tide,Special Teams,PT,1,32,Alex Asparuhov
Alabama Crimson Tide,Special Teams,PK,1,37,Peter Notaro
Alabama Crimson Tide,Special Teams,KO,1,37,Peter Notaro
Alabama Crimson Tide,Special Teams,LS,1,52,Alex Rozier
Alabama Crimson Tide,Special Teams,PR,1,3,Jaylen Mbakwe
Alabama Crimson Tide,Special Teams,PR,2,2,Ryan Williams
Alabama Crimson Tide,Special Teams,KR,1,2,Ryan Williams
Alabama Crimson Tide,Special Teams,KR,2,11,Rico Scott
Appalachian State Mountaineers,Offense,LT,1,72,Denell Nix Jr.
Appalachian State Mountaineers,Offense,LG,1,68,Lance Williams
Appalachian State Mountaineers,Offense,C,1,75,Felix Doege
Appalachian State Mountaineers,Offense,RG,1,67,Trent Ramsey
Appalachian State Mountaineers,Offense,RT,1,78,Tyriq Poindexter
Appalachian State Mountaineers,Offense,RT,2,76,Luke Burgess
Appalachian State Mountaineers,Offense,TE,1,4,Izayah Cummings
Appalachian State Mountaineers,Offense,TE,2,86,Kanen Hamlett
Appalachian State Mountaineers,Offense,TE,3,87,Dillon Galloway
Appalachian State Mountaineers,Offense,QB,1,17,Jj Kohl
Appalachian State Mountaineers,Offense,QB,2,11,Noah Gillon
Appalachian State Mountaineers,Offense,QB,3,9,Billy Wiles
Appalachian State Mountaineers,Offense,RB,1,22,Jaquari Lewis
Appalachian State Mountaineers,Offense,RB,2,26,Khamani Alexander
Appalachian State Mountaineers,Offense,RB,3,18,Khalifa Keith
Appalachian State Mountaineers,Defense,LDE,1,94,Caleb Pitts
Appalachian State Mountaineers,Defense,NT,1,96,Saint Farrior
Appalachian State Mountaineers,Defense,NT,2,99,Bucci Farmer
Appalachian State Mountaineers,Defense,DT,1,93,Denigel Cooper
Appalachian State Mountaineers,Defense,DT,2,45,Nick Campbell
Appalachian State Mountaineers,Defense,RDE,1,41,Caleb Sandstrom
Appalachian State Mountaineers,Defense,WLB,1,0,Jaelin Willis
Appalachian State Mountaineers,Defense,MLB,1,12,Brayshawn Littlejohn
Appalachian State Mountaineers,Defense,MLB,2,22,Ronnie Porter
Appalachian State Mountaineers,Defense,LCB,1,11,Juan Berchal
Appalachian State Mountaineers,Defense,SS,1,7,Jordan Favors
Appalachian State Mountaineers,Defense,SS,2,4,Myles Farmer
Appalachian State Mountaineers,Defense,FS,1,8,Dylan Hasz
Appalachian State Mountaineers,Defense,RCB,1,24,Cristian Conyer
Appalachian State Mountaineers,Defense,NB,1,27,Cam Fleming
Appalachian State Mountaineers,Defense,NB,2,18,Jaden Mcburrows
Appalachian State Mountaineers,Special Teams,PT,1,27,Mitchell Lake
Appalachian State Mountaineers,Special Teams,PK,1,43,Cash Mcvay
Appalachian State Mountaineers,Special Teams,KO,1,90,Dominic De Freitas
Appalachian State Mountaineers,Special Teams,LS,1,30,Gabe Simpkins
Appalachian State Mountaineers,Special Teams,PR,1,11,Juan Berchal
Appalachian State Mountaineers,Special Teams,KR,1,13,Jackson Grier
Arizona Wildcats,Offense,LT,1,73,Matthew Lado
Arizona Wildcats,Offense,LG,1,77,Michael Wooten
Arizona Wildcats,Offense,LG,2,76,Jordan Brown
Arizona Wildcats,Offense,C,1,78,Grayson Stovall
Arizona Wildcats,Offense,RG,1,50,Ise Matautia
Arizona Wildcats,Offense,RG,2,79,Isaac Perez
Arizona Wildcats,Offense,RT,1,59,Rhino Tapaatoutai
Arizona Wildcats,Offense,TE,1,80,Cameron Barmore
Arizona Wildcats,Offense,QB,1,8,Braedyn Locke
Arizona Wildcats,Offense,QB,2,14,Mason Bray
Arizona Wildcats,Offense,RB,1,3,Kedrick Reescano
Arizona Wildcats,Offense,RB,2,24,Quincy Craig
Arizona Wildcats,Offense,RB,3,0,Wesley Yarbrough
Arizona Wildcats,Offense,RB,4,28,Anthony Wilhite
Arizona Wildcats,Defense,LDE,1,99,Mays Pese
Arizona Wildcats,Defense,NT,1,95,Leroy Palu
Arizona Wildcats,Defense,NT,2,96,Zac Siulepa
Arizona Wildcats,Defense,NT,3,97,Kaleb Bilal Jones
Arizona Wildcats,Defense,DT,1,41,Julian Savaiinaea
Arizona Wildcats,Defense,DT,2,90,Chancellor Owens
Arizona Wildcats,Defense,RDE,1,94,Eduwa Okundaye
Arizona Wildcats,Defense,WLB,1,16,Riley Wilson
Arizona Wildcats,Defense,WLB,2,10,Myron Robinson
Arizona Wildcats,Defense,WLB,3,18,Carter Jones
Arizona Wildcats,Defense,MLB,1,55,Leviticus Sua
Arizona Wildcats,Defense,MLB,2,36,Dominic Hanger
Arizona Wildcats,Defense,SLB,1,11,Jabari Mann
Arizona Wildcats,Defense,SLB,2,40,Brandon Craddock
Arizona Wildcats,Defense,LCB,1,5,Marquis Groves Killebrew
Arizona Wildcats,Defense,LCB,2,21,Johno Price
Arizona Wildcats,Defense,SS,1,26,Coleman Patmon
Arizona Wildcats,Defense,FS,1,13,Jack Luttrell
Arizona Wildcats,Defense,RCB,1,8,Jayvion Cole
Arizona Wildcats,Defense,RCB,2,38,Aiden Miller
Arizona Wildcats,Defense,NB,1,23,Gavin Hunter
Arizona Wildcats,Defense,NB,2,28,Swayde Griffin
Arizona Wildcats,Defense,NB,3,29,Devin Dunn
Arizona Wildcats,Special Teams,PT,1,19,Michael Salgado Medina
Arizona Wildcats,Special Teams,PK,1,33,Tyler Prasuhn
Arizona Wildcats,Special Teams,KO,1,33,Tyler Prasuhn
Arizona Wildcats,Special Teams,LS,1,39,Broden Molen
Arizona Wildcats,Special Teams,PR,1,2,Jeremiah Patterson
Arizona Wildcats,Special Teams,PR,2,4,Kris Hutson
Arizona Wildcats,Special Teams,KR,1,24,Quincy Craig
Arizona Wildcats,Special Teams,KR,2,12,Tre Spivey
Arizona State Sun Devils,Offense,LT,1,70,Jalen Klemm
Arizona State Sun Devils,Offense,LG,1,59,Maki Stewart
Arizona State Sun Devils,Offense,C,1,71,Makua Pule
Arizona State Sun Devils,Offense,RG,1,73,Terrell Kim
Arizona State Sun Devils,Offense,RG,2,74,Sean Naa
Arizona State Sun Devils,Offense,RT,1,76,Champ Westbrooks
Arizona State Sun Devils,Offense,LTE,1,14,Aj Ia
Arizona State Sun Devils,Offense,RTE,1,15,Khamari Anderson
Arizona State Sun Devils,Offense,QB,1,19,Christian Hunt
Arizona State Sun Devils,Offense,RB,1,1,Kyson Brown
Arizona State Sun Devils,Offense,RB,2,6,Kanye Udoh
Arizona State Sun Devils,Offense,RB,3,23,Demarius Robinson
Arizona State Sun Devils,Offense,RB,4,22,Jason Brown Jr.
Arizona State Sun Devils,Defense,LDE,1,95,Justin Wodtly
Arizona State Sun Devils,Defense,LDE,2,10,Clayton Smith
Arizona State Sun Devils,Defense,LDT,1,55,Ramar Williams
Arizona State Sun Devils,Defense,LDT,2,92,Zac Swanson
Arizona State Sun Devils,Defense,RDT,1,97,Blazen Lono Wong
Arizona State Sun Devils,Defense,RDT,2,96,Anthonie Cooper
Arizona State Sun Devils,Defense,RDE,1,13,Roman Pitre
Arizona State Sun Devils,Defense,RDE,2,3,Albert Smith Iii
Arizona State Sun Devils,Defense,WLB,1,24,Tate Romney
Arizona State Sun Devils,Defense,MLB,1,18,Martell Hughes
Arizona State Sun Devils,Defense,MLB,2,43,Krew Jackson
Arizona State Sun Devils,Defense,LCB,1,15,Nyland Green
Arizona State Sun Devils,Defense,SS,1,25,Jack Bal
Arizona State Sun Devils,Defense,SS,2,20,Maurice Williams
Arizona State Sun Devils,Defense,FS,1,38,Kyan Mcdonald
Arizona State Sun Devils,Defense,RCB,1,0,Rodney Bimage Jr.
Arizona State Sun Devils,Defense,NB,1,7,Montana Warren
Arizona State Sun Devils,Special Teams,PT,1,34,Matt Mckenzie
Arizona State Sun Devils,Special Teams,PK,1,26,Carston Kieffer
Arizona State Sun Devils,Special Teams,KO,1,31,Kanyon Floyd
Arizona State Sun Devils,Special Teams,LS,1,39,Tyler Wigglesworth
Arizona State Sun Devils,Special Teams,H,1,34,Matt Mckenzie
Arizona State Sun Devils,Special Teams,PR,1,18,Jalen Moss
Arizona State Sun Devils,Special Teams,PR,2,1,Keith Abney Ii
Arizona State Sun Devils,Special Teams,KR,1,3,Raleek Brown
Arizona State Sun Devils,Special Teams,KR,2,18,Jalen Moss
Arkansas Razorbacks,Offense,LT,1,75,Kavion Broussard
Arkansas Razorbacks,Offense,LG,1,70,Blake Cherry
Arkansas Razorbacks,Offense,C,1,53,Kash Courtney
Arkansas Razorbacks,Offense,C,2,73,Brooks Edmonson
Arkansas Razorbacks,Offense,RG,1,74,Marcus Dumervil
Arkansas Razorbacks,Offense,RG,2,56,Lj Prudhomme
Arkansas Razorbacks,Offense,RT,1,71,Shaq Mcroy
Arkansas Razorbacks,Offense,TE,1,88,Rohan Jones
Arkansas Razorbacks,Offense,QB,1,7,Kj Jackson
Arkansas Razorbacks,Offense,QB,2,13,Trever Jackson
Arkansas Razorbacks,Offense,QB,3,8,Grayson Wilson
Arkansas Razorbacks,Offense,RB,1,0,Braylen Russell
Arkansas Razorbacks,Offense,RB,2,1,Rodney Hill
Arkansas Razorbacks,Offense,RB,3,20,Aj Green
Arkansas Razorbacks,Defense,LDE,1,1,Phillip Lee
Arkansas Razorbacks,Defense,LDE,2,6,Kavion Henderson
Arkansas Razorbacks,Defense,LDE,3,93,Keiundre Johnson
Arkansas Razorbacks,Defense,LDE,4,52,Donovan Whitten
Arkansas Razorbacks,Defense,NT,1,88,Danny Saili
Arkansas Razorbacks,Defense,NT,2,92,David Oke
Arkansas Razorbacks,Defense,NT,3,94,Reginald Vaughn
Arkansas Razorbacks,Defense,DT,1,91,Kevin Oatis
Arkansas Razorbacks,Defense,DT,2,54,Keyshawn Blackstock
Arkansas Razorbacks,Defense,DT,3,99,Kaleb James
Arkansas Razorbacks,Defense,DT,4,90,Caleb Bell
Arkansas Razorbacks,Defense,RDE,1,9,Charlie Collins
Arkansas Razorbacks,Defense,RDE,2,11,Ken Talley
Arkansas Razorbacks,Defense,RDE,3,44,Frank Mulipola
Arkansas Razorbacks,Defense,RDE,4,43,Trent Sellers
Arkansas Razorbacks,Defense,WLB,1,26,Trent Whalen
Arkansas Razorbacks,Defense,WLB,2,25,Tavion Wallace
Arkansas Razorbacks,Defense,MLB,1,7,Bradley Shaw
Arkansas Razorbacks,Defense,MLB,2,24,Andrew Harris
Arkansas Razorbacks,Defense,MLB,3,42,Wyatt Simmons
Arkansas Razorbacks,Defense,LCB,1,15,Jaheim Singletary
Arkansas Razorbacks,Defense,LCB,2,17,Nigel Pringle
Arkansas Razorbacks,Defense,LCB,3,32,Landon Phipps
Arkansas Razorbacks,Defense,SS,1,20,Jj Shelton
Arkansas Razorbacks,Defense,SS,2,47,Braylon Watson
Arkansas Razorbacks,Defense,SS,3,38,Anton Pierce
Arkansas Razorbacks,Defense,FS,1,16,Miguel Mitchell
Arkansas Razorbacks,Defense,FS,2,8,Quentavius Scandrett
Arkansas Razorbacks,Defense,FS,3,18,Taijh Overton
Arkansas Razorbacks,Defense,RCB,1,21,Keshawn Davila
Arkansas Razorbacks,Defense,RCB,2,2,Selman Bridges
Arkansas Razorbacks,Defense,RCB,3,29,Jaden Allen
Arkansas Razorbacks,Defense,NB,1,19,Shakur Smalls
Arkansas Razorbacks,Defense,NB,2,27,Ahkhari Johnson
Arkansas Razorbacks,Defense,NB,3,36,Cade Fields
Arkansas Razorbacks,Special Teams,PT,1,36,Gavin Rush
Arkansas Razorbacks,Special Teams,PK,1,40,Blake Ford
Arkansas Razorbacks,Special Teams,KO,1,40,Blake Ford
Arkansas Razorbacks,Special Teams,LS,1,49,Zach Haber
Arkansas Razorbacks,Special Teams,H,1,36,Gavin Rush
Arkansas Razorbacks,Special Teams,PR,1,6,Raylen Sharpe
Arkansas Razorbacks,Special Teams,KR,1,25,Markeylin Batton
Arkansas State Red Wolves,Offense,LT,1,65,Noah Smith
Arkansas State Red Wolves,Offense,LT,2,58,Cameron Ambrose
Arkansas State Red Wolves,Offense,LG,1,51,Cade Channell
Arkansas State Red Wolves,Offense,C,1,54,Walker Davis
Arkansas State Red Wolves,Offense,C,2,77,Gabe Fortson
Arkansas State Red Wolves,Offense,RG,1,73,Kobe Williams
Arkansas State Red Wolves,Offense,RT,1,71,Chace Stratford
Arkansas State Red Wolves,Offense,TE,1,19,Tyler Fortenberry
Arkansas State Red Wolves,Offense,TE,2,17,Jabari Bush
Arkansas State Red Wolves,Offense,TE,3,82,Ezra Burgess
Arkansas State Red Wolves,Offense,QB,1,8,Josh Flowers
Arkansas State Red Wolves,Offense,QB,2,6,Ethan Crawford
Arkansas State Red Wolves,Offense,RB,1,4,Devin Spencer
Arkansas State Red Wolves,Offense,RB,2,22,Cedric Hawkins
Arkansas State Red Wolves,Offense,RB,3,33,Kameron Thomas
Arkansas State Red Wolves,Defense,DE,1,4,Bryan Whitehead
Arkansas State Red Wolves,Defense,DE,2,97,Tony Carter
Arkansas State Red Wolves,Defense,NT,1,95,Simeon Mitchell
Arkansas State Red Wolves,Defense,NT,2,47,Lucas Banks
Arkansas State Red Wolves,Defense,DT,1,93,Gavin Ransaw
Arkansas State Red Wolves,Defense,DT,2,54,Ryan Reese
Arkansas State Red Wolves,Defense,JACK,1,12,Marcus Bradley
Arkansas State Red Wolves,Defense,JACK,2,11,Drew Collins
Arkansas State Red Wolves,Defense,JACK,3,27,Noland Asberry
Arkansas State Red Wolves,Defense,WLB,1,5,Terry Kirksey Jr.
Arkansas State Red Wolves,Defense,WLB,2,44,Jordan Sample
Arkansas State Red Wolves,Defense,MLB,1,22,Nigel Nelson
Arkansas State Red Wolves,Defense,LCB,1,13,Kyle Williams
Arkansas State Red Wolves,Defense,SS,1,21,Malik Mcconico
Arkansas State Red Wolves,Defense,FS,1,16,Bj Wagner
Arkansas State Red Wolves,Defense,RCB,1,1,Braden Jackson
Arkansas State Red Wolves,Defense,RCB,2,24,Josh Stone
Arkansas State Red Wolves,Defense,NB,1,19,James Reed Iii
Arkansas State Red Wolves,Special Teams,PT,1,40,Jaxson Dunn
Arkansas State Red Wolves,Special Teams,PK,1,25,Clayton Amaya
Arkansas State Red Wolves,Special Teams,KO,1,34,Clune Van Andel
Arkansas State Red Wolves,Special Teams,LS,1,31,Xavier Ross
Arkansas State Red Wolves,Special Teams,H,1,84,Reed Linder
Arkansas State Red Wolves,Special Teams,PR,1,10,Jaylen Bonelli
Arkansas State Red Wolves,Special Teams,KR,1,84,Reed Linder
Arkansas State Red Wolves,Special Teams,KR,2,22,Cedric Hawkins
Army Black Knights,Offense,WR,1,4,Liam Fortner
Army Black Knights,Offense,WR,2,11,Tobi Olawole
Army Black Knights,Offense,LT,1,78,Xavier Archawski
Army Black Knights,Offense,LG,1,50,Braden Bartosh
Army Black Knights,Offense,C,1,75,Kyle Kloska
Army Black Knights,Offense,RG,1,72,Lane Parks
Army Black Knights,Offense,RT,1,56,Tyler Lee
Army Black Knights,Offense,TE,1,86,Tex Brannan
Army Black Knights,Offense,QB,1,10,Dewayne Coleman
Army Black Knights,Offense,QB,2,1,Zach Mundell
Army Black Knights,Offense,QB,3,34,Carson Smith
Army Black Knights,Offense,QB,4,33,Jake Rendina
Army Black Knights,Offense,QB,5,27,Samari Howard
Army Black Knights,Offense,QB,6,2,Aden Self
Army Black Knights,Offense,SB,1,26,David Clerk
Army Black Knights,Defense,LDE,1,96,Dillon Stowers
Army Black Knights,Defense,NT,1,56,Nick Buchys
Army Black Knights,Defense,RDE,1,98,Deshontez Gray
Army Black Knights,Defense,OLB,1,47,Noah Nixon
Army Black Knights,Defense,MLB,1,48,Bryson Banks
Army Black Knights,Defense,WLB,1,21,Baylor Newsom
Army Black Knights,Defense,LCB,1,17,Jaxon Hammond
Army Black Knights,Defense,SS,1,3,Stephen Nnadozie
Army Black Knights,Defense,FS,1,13,Caleb Williams
Army Black Knights,Defense,RCB,1,5,Justin Weaver
Army Black Knights,Defense,NB,1,10,Cole Searight
Army Black Knights,Special Teams,PR,1,7,Jaydan Mayes
Army Black Knights,Special Teams,KR,1,7,Jaydan Mayes
Auburn Tigers,Offense,LT,1,58,Tai Buster
Auburn Tigers,Offense,LT,2,70,Favour Ebuka Edwin
Auburn Tigers,Offense,LT,3,60,Cade Barnett
Auburn Tigers,Offense,LG,1,78,Deandre Carter
Auburn Tigers,Offense,LG,2,67,Broderick Shull
Auburn Tigers,Offense,LG,3,55,Malachi Harris
Auburn Tigers,Offense,C,1,51,Kail Ellis
Auburn Tigers,Offense,C,2,71,Dylan Senda
Auburn Tigers,Offense,C,3,59,Isaac Boulger
Auburn Tigers,Offense,RG,1,74,Jacobe Ward
Auburn Tigers,Offense,RG,2,56,Seth Wilfred
Auburn Tigers,Offense,RG,3,57,Harrison Clemmer
Auburn Tigers,Offense,RT,1,79,Tyler Johnson
Auburn Tigers,Offense,RT,2,53,John Henry Flatt
Auburn Tigers,Offense,TE,1,87,Brandon Frazier
Auburn Tigers,Offense,TE,2,42,Tate Johnson
Auburn Tigers,Offense,TE,3,84,Ryan Ghea
Auburn Tigers,Offense,TE,4,13,Hollis Davidson Iii
Auburn Tigers,Offense,QB,1,11,Jackson Arnold
Auburn Tigers,Offense,QB,2,9,Deuce Knight
Auburn Tigers,Offense,QB,3,16,John Colvin
Auburn Tigers,Offense,QB,4,17,Will Myers
Auburn Tigers,Offense,RB,1,29,Omar Mabson Ii
Auburn Tigers,Offense,RB,2,21,Durell Robinson
Auburn Tigers,Offense,RB,3,35,Justin Jones
Auburn Tigers,Offense,RB,4,22,Alvin Henderson
Auburn Tigers,Defense,DE,1,10,Amaris Williams
Auburn Tigers,Defense,DE,2,41,Jared Smith
Auburn Tigers,Defense,DE,3,44,Darrion Smith
Auburn Tigers,Defense,DE,4,90,Christian Ose Afiana
Auburn Tigers,Defense,NT,1,35,Dallas Walker Iv
Auburn Tigers,Defense,NT,2,92,Jay Hardy
Auburn Tigers,Defense,NT,3,95,Jourdin Crawford
Auburn Tigers,Defense,NT,4,93,Joe Frazier Jr.
Auburn Tigers,Defense,DT,1,91,Zykeivous Walker
Auburn Tigers,Defense,DT,2,96,Malik Autry
Auburn Tigers,Defense,DT,3,98,James Ash
Auburn Tigers,Defense,DT,4,99,Antonio Coleman
Auburn Tigers,Defense,BUCK,1,3,Chris Murray
Auburn Tigers,Defense,BUCK,2,18,J.J. Faulk
Auburn Tigers,Defense,BUCK,3,31,Joe Phillips
Auburn Tigers,Defense,BUCK,4,11,Jamonta Waller
Auburn Tigers,Defense,WLB,1,6,Demarcus Riddick
Auburn Tigers,Defense,WLB,2,16,Bryce Deas
Auburn Tigers,Defense,WLB,3,42,Coleman Granberry
Auburn Tigers,Defense,MLB,1,9,Elijah Melendez
Auburn Tigers,Defense,MLB,2,43,Caleb Wheatland
Auburn Tigers,Defense,MLB,3,52,William Grier Mcduffie
Auburn Tigers,Defense,MLB,4,45,Antonio Melendez
Auburn Tigers,Defense,LCB,1,14,Rayshawn Pleasant
Auburn Tigers,Defense,LCB,2,22,Donovan Starr
Auburn Tigers,Defense,LCB,3,46,Grey Reebals
Auburn Tigers,Defense,SS,1,25,Eric Winters
Auburn Tigers,Defense,SS,2,20,Jacoby Mathews
Auburn Tigers,Defense,SS,3,36,Antwon Fegans Jr.
Auburn Tigers,Defense,FS,1,21,Anquon Fegans
Auburn Tigers,Defense,FS,2,29,Taye Seymore
Auburn Tigers,Defense,FS,3,32,Cade Carlson
Auburn Tigers,Defense,RCB,1,13,Raion Strader
Auburn Tigers,Defense,RCB,2,12,Blake Woodby
Auburn Tigers,Defense,NB,1,28,Kensley Louidor Faustin
Auburn Tigers,Defense,NB,2,26,Amon Lane Ganus
Auburn Tigers,Defense,NB,3,48,Paul Thompson Jr.
Auburn Tigers,Special Teams,PT,1,37,John Mcguire
Auburn Tigers,Special Teams,PK,1,41,Connor Gibbs
Auburn Tigers,Special Teams,PK,2,33,Towns Mcgough
Auburn Tigers,Special Teams,PK,3,93,Charley Schwinger
Auburn Tigers,Special Teams,KO,1,41,Connor Gibbs
Auburn Tigers,Special Teams,KO,2,38,Alex Mcpherson
Auburn Tigers,Special Teams,KO,3,93,Charley Schwinger
Auburn Tigers,Special Teams,LS,1,46,Keaton Mcnutt
Auburn Tigers,Special Teams,LS,2,64,Benton Cantey
Auburn Tigers,Special Teams,H,1,37,John Mcguire
Auburn Tigers,Special Teams,PR,1,6,Bryce Cain
Auburn Tigers,Special Teams,KR,1,6,Bryce Cain
Auburn Tigers,Special Teams,KR,2,29,Omar Mabson Ii
